"D:\Projects\Marchand\Data\Carothers\230412_mod2\full_complex_180min.d"," -ESI EIC(74.0242) Scan Frag=175.0V full_complex_180min.d "
"D:\Projects\Marchand\Data\Carothers\230412_mod2\full_complex_180min.d" ,"Peak" ,Start,RT,End,Height,Area,Area %,Height %,Area Sum %,Width,FWHM,Start Y,End Y,B1 Start,B1 End,B2 Start,B2 End,Start BL Y,End BL Y,Symmetry,Max Y,SNR,Height % (Norm),Baseline,Base Peak,k',Label,Cpd,Type,Plates,Plates/M,Resolution,Saturated,Tailing factor,Flags (Tgt),RI,
"D:\Projects\Marchand\Data\Carothers\230412_mod2\full_complex_180min.d" ,"1" ,2.921,2.927,2.938,5250.60,2938.53,100.00,100.00,100.00,0.017,0.010,0.00,0.00,2.589,2.921,2.938,4.257,0.00,0.00,2.06,5250.60,,,  ,237.0926,,,,,,,,,,,,

"D:\Projects\Marchand\Data\Carothers\230412_mod2\full_complex_300min.d"," -ESI EIC(74.0242) Scan Frag=175.0V full_complex_300min.d "
"D:\Projects\Marchand\Data\Carothers\230412_mod2\full_complex_300min.d" ,"Peak" ,Start,RT,End,Height,Area,Area %,Height %,Area Sum %,Width,FWHM,Start Y,End Y,B1 Start,B1 End,B2 Start,B2 End,Start BL Y,End BL Y,Symmetry,Max Y,SNR,Height % (Norm),Baseline,Base Peak,k',Label,Cpd,Type,Plates,Plates/M,Resolution,Saturated,Tailing factor,Flags (Tgt),RI,
"D:\Projects\Marchand\Data\Carothers\230412_mod2\full_complex_300min.d" ,"1" ,1.272,1.278,1.289,380.93,246.99,100.00,100.00,100.00,0.017,0.011,0.00,0.00,0.053,1.272,1.283,10.987,0.00,0.00,2.11,380.93,,,  ,162.0435,,,,,,,,,,,,

"D:\Projects\Marchand\Data\Carothers\230412_mod2\full_complex_90min.d"," -ESI EIC(74.0242) Scan Frag=175.0V full_complex_90min.d "
"D:\Projects\Marchand\Data\Carothers\230412_mod2\full_complex_90min.d" ,"Peak" ,Start,RT,End,Height,Area,Area %,Height %,Area Sum %,Width,FWHM,Start Y,End Y,B1 Start,B1 End,B2 Start,B2 End,Start BL Y,End BL Y,Symmetry,Max Y,SNR,Height % (Norm),Baseline,Base Peak,k',Label,Cpd,Type,Plates,Plates/M,Resolution,Saturated,Tailing factor,Flags (Tgt),RI,
"D:\Projects\Marchand\Data\Carothers\230412_mod2\full_complex_90min.d" ,"1" ,2.864,2.897,2.967,18485.53,43885.76,100.00,100.00,100.00,0.104,0.036,149.75,149.75,0.054,2.847,2.963,4.243,149.75,149.75,1.68,18635.28,,,  ,248.9749,,,,,,,,,,,,

"D:\Projects\Marchand\Data\Carothers\230412_mod2\full_complex_DTT_180min.d"," -ESI EIC(74.0242) Scan Frag=175.0V full_complex_DTT_180min.d "
"D:\Projects\Marchand\Data\Carothers\230412_mod2\full_complex_DTT_180min.d" ,"Peak" ,Start,RT,End,Height,Area,Area %,Height %,Area Sum %,Width,FWHM,Start Y,End Y,B1 Start,B1 End,B2 Start,B2 End,Start BL Y,End BL Y,Symmetry,Max Y,SNR,Height % (Norm),Baseline,Base Peak,k',Label,Cpd,Type,Plates,Plates/M,Resolution,Saturated,Tailing factor,Flags (Tgt),RI,
"D:\Projects\Marchand\Data\Carothers\230412_mod2\full_complex_DTT_180min.d" ,"1" ,2.568,2.574,2.585,1134.15,712.70,100.00,100.00,100.00,0.017,1.953,0.00,0.00,0.052,2.568,2.585,10.954,0.00,0.00,0.01,1134.15,,,  ,248.9749,,,,,,,,,,,,

"D:\Projects\Marchand\Data\Carothers\230412_mod2\full_complex_DTT_300min.d"," -ESI EIC(74.0242) Scan Frag=175.0V full_complex_DTT_300min.d "
"D:\Projects\Marchand\Data\Carothers\230412_mod2\full_complex_DTT_300min.d" ,"Peak" ,Start,RT,End,Height,Area,Area %,Height %,Area Sum %,Width,FWHM,Start Y,End Y,B1 Start,B1 End,B2 Start,B2 End,Start BL Y,End BL Y,Symmetry,Max Y,SNR,Height % (Norm),Baseline,Base Peak,k',Label,Cpd,Type,Plates,Plates/M,Resolution,Saturated,Tailing factor,Flags (Tgt),RI,
"D:\Projects\Marchand\Data\Carothers\230412_mod2\full_complex_DTT_300min.d" ,"1" ,3.664,3.670,3.681,337.47,216.75,100.00,100.00,100.00,0.017,3.104,0.00,0.00,0.068,3.664,3.675,10.969,0.00,0.00,0.00,337.47,,,  ,248.9749,,,,,,,,,,,,

"D:\Projects\Marchand\Data\Carothers\230412_mod2\full_complex_DTT_90min.d"," -ESI EIC(74.0242) Scan Frag=175.0V full_complex_DTT_90min.d "
"D:\Projects\Marchand\Data\Carothers\230412_mod2\full_complex_DTT_90min.d" ,"Peak" ,Start,RT,End,Height,Area,Area %,Height %,Area Sum %,Width,FWHM,Start Y,End Y,B1 Start,B1 End,B2 Start,B2 End,Start BL Y,End BL Y,Symmetry,Max Y,SNR,Height % (Norm),Baseline,Base Peak,k',Label,Cpd,Type,Plates,Plates/M,Resolution,Saturated,Tailing factor,Flags (Tgt),RI,
"D:\Projects\Marchand\Data\Carothers\230412_mod2\full_complex_DTT_90min.d" ,"1" ,2.850,2.899,2.954,19294.80,47686.26,100.00,100.00,100.00,0.104,0.035,157.53,157.53,2.594,2.849,2.955,4.240,157.53,157.53,1.16,19452.33,,,  ,248.9749,,,,,,,,,,,,

"D:\Projects\Marchand\Data\Carothers\230412_mod2\full_complex_lplA_180min.d"," -ESI EIC(74.0242) Scan Frag=175.0V full_complex_lplA_180min.d "
"D:\Projects\Marchand\Data\Carothers\230412_mod2\full_complex_lplA_180min.d" ,"Peak" ,Start,RT,End,Height,Area,Area %,Height %,Area Sum %,Width,FWHM,Start Y,End Y,B1 Start,B1 End,B2 Start,B2 End,Start BL Y,End BL Y,Symmetry,Max Y,SNR,Height % (Norm),Baseline,Base Peak,k',Label,Cpd,Type,Plates,Plates/M,Resolution,Saturated,Tailing factor,Flags (Tgt),RI,
"D:\Projects\Marchand\Data\Carothers\230412_mod2\full_complex_lplA_180min.d" ,"1" ,4.228,4.234,4.239,831.53,276.48,100.00,100.00,100.00,0.011,3.538,0.00,0.00,0.067,4.228,4.239,10.985,0.00,0.00,0.00,831.53,,,  ,248.9749,,,,,,,,,,,,

"D:\Projects\Marchand\Data\Carothers\230412_mod2\full_complex_lplA_300min.d"," -ESI EIC(74.0242) Scan Frag=175.0V full_complex_lplA_300min.d "
"D:\Projects\Marchand\Data\Carothers\230412_mod2\full_complex_lplA_300min.d" ,"Peak" ,Start,RT,End,Height,Area,Area %,Height %,Area Sum %,Width,FWHM,Start Y,End Y,B1 Start,B1 End,B2 Start,B2 End,Start BL Y,End BL Y,Symmetry,Max Y,SNR,Height % (Norm),Baseline,Base Peak,k',Label,Cpd,Type,Plates,Plates/M,Resolution,Saturated,Tailing factor,Flags (Tgt),RI,
"D:\Projects\Marchand\Data\Carothers\230412_mod2\full_complex_lplA_300min.d" ,"1" ,2.565,2.577,2.582,1069.97,582.26,100.00,100.00,100.00,0.017,0.010,0.00,0.00,0.049,2.577,2.577,10.984,0.00,0.00,0.49,1069.97,,,  ,248.9749,,,,,,,,,,,,

"D:\Projects\Marchand\Data\Carothers\230412_mod2\full_complex_lplA_90min.d"," -ESI EIC(74.0242) Scan Frag=175.0V full_complex_lplA_90min.d "
"D:\Projects\Marchand\Data\Carothers\230412_mod2\full_complex_lplA_90min.d" ,"Peak" ,Start,RT,End,Height,Area,Area %,Height %,Area Sum %,Width,FWHM,Start Y,End Y,B1 Start,B1 End,B2 Start,B2 End,Start BL Y,End BL Y,Symmetry,Max Y,SNR,Height % (Norm),Baseline,Base Peak,k',Label,Cpd,Type,Plates,Plates/M,Resolution,Saturated,Tailing factor,Flags (Tgt),RI,
"D:\Projects\Marchand\Data\Carothers\230412_mod2\full_complex_lplA_90min.d" ,"1" ,2.869,2.897,2.961,16589.93,38012.06,100.00,100.00,100.00,0.092,0.038,299.60,299.60,2.609,2.863,2.958,3.517,299.60,299.60,1.43,16889.53,,,  ,980.0186,,,,,,,,,,,,

"D:\Projects\Marchand\Data\Carothers\230412_mod2\full_complex_lplA_DTT_180min.d"," -ESI EIC(74.0242) Scan Frag=175.0V full_complex_lplA_DTT_180min.d "
"D:\Projects\Marchand\Data\Carothers\230412_mod2\full_complex_lplA_DTT_180min.d" ,"Peak" ,Start,RT,End,Height,Area,Area %,Height %,Area Sum %,Width,FWHM,Start Y,End Y,B1 Start,B1 End,B2 Start,B2 End,Start BL Y,End BL Y,Symmetry,Max Y,SNR,Height % (Norm),Baseline,Base Peak,k',Label,Cpd,Type,Plates,Plates/M,Resolution,Saturated,Tailing factor,Flags (Tgt),RI,
"D:\Projects\Marchand\Data\Carothers\230412_mod2\full_complex_lplA_DTT_180min.d" ,"1" ,2.567,2.578,2.583,1600.97,802.09,100.00,100.00,100.00,0.017,0.008,0.00,0.00,0.051,2.578,2.578,10.986,0.00,0.00,0.50,1600.97,,,  ,248.9749,,,,,,,,,,,,

"D:\Projects\Marchand\Data\Carothers\230412_mod2\full_complex_lplA_DTT_300min.d"," -ESI EIC(74.0242) Scan Frag=175.0V full_complex_lplA_DTT_300min.d "
"D:\Projects\Marchand\Data\Carothers\230412_mod2\full_complex_lplA_DTT_300min.d" ,"Peak" ,Start,RT,End,Height,Area,Area %,Height %,Area Sum %,Width,FWHM,Start Y,End Y,B1 Start,B1 End,B2 Start,B2 End,Start BL Y,End BL Y,Symmetry,Max Y,SNR,Height % (Norm),Baseline,Base Peak,k',Label,Cpd,Type,Plates,Plates/M,Resolution,Saturated,Tailing factor,Flags (Tgt),RI,
"D:\Projects\Marchand\Data\Carothers\230412_mod2\full_complex_lplA_DTT_300min.d" ,"1" ,4.304,4.315,4.320,317.89,206.69,100.00,100.00,100.00,0.017,3.657,0.00,0.00,0.065,4.315,4.315,11.000,0.00,0.00,0.00,317.89,,,  ,248.9749,,,,,,,,,,,,

"D:\Projects\Marchand\Data\Carothers\230412_mod2\full_complex_lplA_DTT_90min.d"," -ESI EIC(74.0242) Scan Frag=175.0V full_complex_lplA_DTT_90min.d "
"D:\Projects\Marchand\Data\Carothers\230412_mod2\full_complex_lplA_DTT_90min.d" ,"Peak" ,Start,RT,End,Height,Area,Area %,Height %,Area Sum %,Width,FWHM,Start Y,End Y,B1 Start,B1 End,B2 Start,B2 End,Start BL Y,End BL Y,Symmetry,Max Y,SNR,Height % (Norm),Baseline,Base Peak,k',Label,Cpd,Type,Plates,Plates/M,Resolution,Saturated,Tailing factor,Flags (Tgt),RI,
"D:\Projects\Marchand\Data\Carothers\230412_mod2\full_complex_lplA_DTT_90min.d" ,"1" ,2.853,2.892,2.947,19793.04,47815.49,100.00,100.00,100.00,0.094,0.038,0.00,0.00,2.609,2.853,2.964,4.249,0.00,0.00,1.48,19793.04,,,  ,248.9749,,,,,,,,,,,,

"D:\Projects\Marchand\Data\Carothers\230412_mod2\full_complex_mod1_180min.d"," -ESI EIC(74.0242) Scan Frag=175.0V full_complex_mod1_180min.d "
"D:\Projects\Marchand\Data\Carothers\230412_mod2\full_complex_mod1_180min.d" ,"Peak" ,Start,RT,End,Height,Area,Area %,Height %,Area Sum %,Width,FWHM,Start Y,End Y,B1 Start,B1 End,B2 Start,B2 End,Start BL Y,End BL Y,Symmetry,Max Y,SNR,Height % (Norm),Baseline,Base Peak,k',Label,Cpd,Type,Plates,Plates/M,Resolution,Saturated,Tailing factor,Flags (Tgt),RI,
"D:\Projects\Marchand\Data\Carothers\230412_mod2\full_complex_mod1_180min.d" ,"1" ,3.539,3.549,3.554,892.97,254.05,100.00,100.00,100.00,0.015,0.974,174.63,174.63,0.052,3.549,3.549,10.987,174.63,174.63,0.00,1067.60,,,  ,248.9749,,,,,,,,,,,,

"D:\Projects\Marchand\Data\Carothers\230412_mod2\full_complex_mod1_300min.d"," -ESI EIC(74.0242) Scan Frag=175.0V full_complex_mod1_300min.d "
"D:\Projects\Marchand\Data\Carothers\230412_mod2\full_complex_mod1_300min.d" ,"Peak" ,Start,RT,End,Height,Area,Area %,Height %,Area Sum %,Width,FWHM,Start Y,End Y,B1 Start,B1 End,B2 Start,B2 End,Start BL Y,End BL Y,Symmetry,Max Y,SNR,Height % (Norm),Baseline,Base Peak,k',Label,Cpd,Type,Plates,Plates/M,Resolution,Saturated,Tailing factor,Flags (Tgt),RI,
"D:\Projects\Marchand\Data\Carothers\230412_mod2\full_complex_mod1_300min.d" ,"1" ,4.418,4.429,4.435,348.02,211.57,100.00,100.00,100.00,0.017,3.374,0.00,0.00,0.052,4.429,4.429,10.987,0.00,0.00,0.00,348.02,,,  ,248.9749,,,,,,,,,,,,

"D:\Projects\Marchand\Data\Carothers\230412_mod2\full_complex_mod1_90min.d"," -ESI EIC(74.0242) Scan Frag=175.0V full_complex_mod1_90min.d "
"D:\Projects\Marchand\Data\Carothers\230412_mod2\full_complex_mod1_90min.d" ,"Peak" ,Start,RT,End,Height,Area,Area %,Height %,Area Sum %,Width,FWHM,Start Y,End Y,B1 Start,B1 End,B2 Start,B2 End,Start BL Y,End BL Y,Symmetry,Max Y,SNR,Height % (Norm),Baseline,Base Peak,k',Label,Cpd,Type,Plates,Plates/M,Resolution,Saturated,Tailing factor,Flags (Tgt),RI,
"D:\Projects\Marchand\Data\Carothers\230412_mod2\full_complex_mod1_90min.d" ,"1" ,2.865,2.904,2.948,12430.99,30102.97,100.00,100.00,100.00,0.083,0.039,0.00,0.00,2.594,2.865,2.948,3.502,0.00,0.00,1.08,12430.99,,,  ,237.0926,,,,,,,,,,,,

"D:\Projects\Marchand\Data\Carothers\230412_mod2\full_complex_mod1_DTT_180min.d"," -ESI EIC(74.0242) Scan Frag=175.0V full_complex_mod1_DTT_180min.d "
"D:\Projects\Marchand\Data\Carothers\230412_mod2\full_complex_mod1_DTT_180min.d" ,"Peak" ,Start,RT,End,Height,Area,Area %,Height %,Area Sum %,Width,FWHM,Start Y,End Y,B1 Start,B1 End,B2 Start,B2 End,Start BL Y,End BL Y,Symmetry,Max Y,SNR,Height % (Norm),Baseline,Base Peak,k',Label,Cpd,Type,Plates,Plates/M,Resolution,Saturated,Tailing factor,Flags (Tgt),RI,
"D:\Projects\Marchand\Data\Carothers\230412_mod2\full_complex_mod1_DTT_180min.d" ,"1" ,3.709,3.714,3.726,416.08,250.93,100.00,100.00,100.00,0.017,3.090,0.00,0.00,0.052,3.709,3.720,10.986,0.00,0.00,0.00,416.08,,,  ,248.9749,,,,,,,,,,,,

"D:\Projects\Marchand\Data\Carothers\230412_mod2\full_complex_mod1_DTT_300min.d"," -ESI EIC(74.0242) Scan Frag=175.0V full_complex_mod1_DTT_300min.d "
"D:\Projects\Marchand\Data\Carothers\230412_mod2\full_complex_mod1_DTT_300min.d" ,"Peak" ,Start,RT,End,Height,Area,Area %,Height %,Area Sum %,Width,FWHM,Start Y,End Y,B1 Start,B1 End,B2 Start,B2 End,Start BL Y,End BL Y,Symmetry,Max Y,SNR,Height % (Norm),Baseline,Base Peak,k',Label,Cpd,Type,Plates,Plates/M,Resolution,Saturated,Tailing factor,Flags (Tgt),RI,
"D:\Projects\Marchand\Data\Carothers\230412_mod2\full_complex_mod1_DTT_300min.d" ,"1" ,1.983,1.994,2.000,250.11,161.86,100.00,100.00,100.00,0.017,1.381,0.00,0.00,0.065,1.994,1.994,10.984,0.00,0.00,0.00,250.11,,,  ,248.9749,,,,,,,,,,,,

"D:\Projects\Marchand\Data\Carothers\230412_mod2\full_complex_mod1_DTT_90min.d"," -ESI EIC(74.0242) Scan Frag=175.0V full_complex_mod1_DTT_90min.d "
"D:\Projects\Marchand\Data\Carothers\230412_mod2\full_complex_mod1_DTT_90min.d" ,"Peak" ,Start,RT,End,Height,Area,Area %,Height %,Area Sum %,Width,FWHM,Start Y,End Y,B1 Start,B1 End,B2 Start,B2 End,Start BL Y,End BL Y,Symmetry,Max Y,SNR,Height % (Norm),Baseline,Base Peak,k',Label,Cpd,Type,Plates,Plates/M,Resolution,Saturated,Tailing factor,Flags (Tgt),RI,
"D:\Projects\Marchand\Data\Carothers\230412_mod2\full_complex_mod1_DTT_90min.d" ,"1" ,2.872,2.894,2.948,10954.36,21850.15,100.00,100.00,100.00,0.076,0.035,211.34,211.34,2.595,2.872,2.944,4.235,211.34,211.34,2.17,11165.70,,,  ,980.0186,,,,,,,,,,,,

"D:\Projects\Marchand\Data\Carothers\230412_mod2\full_complex_mod1_lplA_180min.d"," -ESI EIC(74.0242) Scan Frag=175.0V full_complex_mod1_lplA_180min.d "
"D:\Projects\Marchand\Data\Carothers\230412_mod2\full_complex_mod1_lplA_180min.d" ,"Peak" ,Start,RT,End,Height,Area,Area %,Height %,Area Sum %,Width,FWHM,Start Y,End Y,B1 Start,B1 End,B2 Start,B2 End,Start BL Y,End BL Y,Symmetry,Max Y,SNR,Height % (Norm),Baseline,Base Peak,k',Label,Cpd,Type,Plates,Plates/M,Resolution,Saturated,Tailing factor,Flags (Tgt),RI,
"D:\Projects\Marchand\Data\Carothers\230412_mod2\full_complex_mod1_lplA_180min.d" ,"1" ,2.921,2.926,2.938,2091.98,1070.87,100.00,100.00,100.00,0.017,0.027,0.00,0.00,2.594,2.921,2.938,4.228,0.00,0.00,0.46,2091.98,,,  ,237.0926,,,,,,,,,,,,

"D:\Projects\Marchand\Data\Carothers\230412_mod2\full_complex_mod1_lplA_300min.d"," -ESI EIC(74.0242) Scan Frag=175.0V full_complex_mod1_lplA_300min.d "
"D:\Projects\Marchand\Data\Carothers\230412_mod2\full_complex_mod1_lplA_300min.d" ,"Peak" ,Start,RT,End,Height,Area,Area %,Height %,Area Sum %,Width,FWHM,Start Y,End Y,B1 Start,B1 End,B2 Start,B2 End,Start BL Y,End BL Y,Symmetry,Max Y,SNR,Height % (Norm),Baseline,Base Peak,k',Label,Cpd,Type,Plates,Plates/M,Resolution,Saturated,Tailing factor,Flags (Tgt),RI,
"D:\Projects\Marchand\Data\Carothers\230412_mod2\full_complex_mod1_lplA_300min.d" ,"1" ,4.277,4.288,4.293,878.18,479.57,100.00,100.00,100.00,0.017,2.352,0.00,0.00,0.065,4.282,4.293,10.967,0.00,0.00,0.00,878.18,,,  ,248.9749,,,,,,,,,,,,

"D:\Projects\Marchand\Data\Carothers\230412_mod2\full_complex_mod1_lplA_90min.d"," -ESI EIC(74.0242) Scan Frag=175.0V full_complex_mod1_lplA_90min.d "
"D:\Projects\Marchand\Data\Carothers\230412_mod2\full_complex_mod1_lplA_90min.d" ,"Peak" ,Start,RT,End,Height,Area,Area %,Height %,Area Sum %,Width,FWHM,Start Y,End Y,B1 Start,B1 End,B2 Start,B2 End,Start BL Y,End BL Y,Symmetry,Max Y,SNR,Height % (Norm),Baseline,Base Peak,k',Label,Cpd,Type,Plates,Plates/M,Resolution,Saturated,Tailing factor,Flags (Tgt),RI,
"D:\Projects\Marchand\Data\Carothers\230412_mod2\full_complex_mod1_lplA_90min.d" ,"1" ,2.881,2.897,2.969,10229.85,21422.08,100.00,100.00,100.00,0.089,0.032,0.00,0.00,2.604,2.875,2.953,3.507,0.00,0.00,2.98,10229.85,,,  ,248.9749,,,,,,,,,,,,

"D:\Projects\Marchand\Data\Carothers\230412_mod2\full_complex_mod1_lplA_DTT_180min.d"," -ESI EIC(74.0242) Scan Frag=175.0V full_complex_mod1_lplA_DTT_180min.d "
"D:\Projects\Marchand\Data\Carothers\230412_mod2\full_complex_mod1_lplA_DTT_180min.d" ,"Peak" ,Start,RT,End,Height,Area,Area %,Height %,Area Sum %,Width,FWHM,Start Y,End Y,B1 Start,B1 End,B2 Start,B2 End,Start BL Y,End BL Y,Symmetry,Max Y,SNR,Height % (Norm),Baseline,Base Peak,k',Label,Cpd,Type,Plates,Plates/M,Resolution,Saturated,Tailing factor,Flags (Tgt),RI,
"D:\Projects\Marchand\Data\Carothers\230412_mod2\full_complex_mod1_lplA_DTT_180min.d" ,"1" ,2.566,2.572,2.583,1122.13,706.57,100.00,100.00,100.00,0.017,1.981,0.00,0.00,0.050,2.566,2.583,4.239,0.00,0.00,0.01,1122.13,,,  ,248.9749,,,,,,,,,,,,

"D:\Projects\Marchand\Data\Carothers\230412_mod2\full_complex_mod1_lplA_DTT_300min.d"," -ESI EIC(74.0242) Scan Frag=175.0V full_complex_mod1_lplA_DTT_300min.d "
"D:\Projects\Marchand\Data\Carothers\230412_mod2\full_complex_mod1_lplA_DTT_300min.d" ,"Peak" ,Start,RT,End,Height,Area,Area %,Height %,Area Sum %,Width,FWHM,Start Y,End Y,B1 Start,B1 End,B2 Start,B2 End,Start BL Y,End BL Y,Symmetry,Max Y,SNR,Height % (Norm),Baseline,Base Peak,k',Label,Cpd,Type,Plates,Plates/M,Resolution,Saturated,Tailing factor,Flags (Tgt),RI,
"D:\Projects\Marchand\Data\Carothers\230412_mod2\full_complex_mod1_lplA_DTT_300min.d" ,"1" ,4.233,4.244,4.249,2084.06,1141.37,100.00,100.00,100.00,0.017,1.648,0.00,0.00,0.066,4.233,4.249,10.967,0.00,0.00,0.00,2084.06,,,  ,146.0429,,,,,,,,,,,,

"D:\Projects\Marchand\Data\Carothers\230412_mod2\full_complex_mod1_lplA_DTT_90min.d"," -ESI EIC(74.0242) Scan Frag=175.0V full_complex_mod1_lplA_DTT_90min.d "
"D:\Projects\Marchand\Data\Carothers\230412_mod2\full_complex_mod1_lplA_DTT_90min.d" ,"Peak" ,Start,RT,End,Height,Area,Area %,Height %,Area Sum %,Width,FWHM,Start Y,End Y,B1 Start,B1 End,B2 Start,B2 End,Start BL Y,End BL Y,Symmetry,Max Y,SNR,Height % (Norm),Baseline,Base Peak,k',Label,Cpd,Type,Plates,Plates/M,Resolution,Saturated,Tailing factor,Flags (Tgt),RI,
"D:\Projects\Marchand\Data\Carothers\230412_mod2\full_complex_mod1_lplA_DTT_90min.d" ,"1" ,2.877,2.899,2.905,10373.05,9354.85,100.00,100.00,100.00,0.027,0.021,213.39,213.39,0.056,2.877,2.949,4.240,213.39,213.39,0.23,10586.45,,,  ,237.0926,,,,,,,,,,,,

"D:\Projects\Marchand\Data\Carothers\230412_mod2\Hprot_180min.d"," -ESI EIC(74.0242) Scan Frag=175.0V Hprot_180min.d "
"D:\Projects\Marchand\Data\Carothers\230412_mod2\Hprot_180min.d" ,"Peak" ,Start,RT,End,Height,Area,Area %,Height %,Area Sum %,Width,FWHM,Start Y,End Y,B1 Start,B1 End,B2 Start,B2 End,Start BL Y,End BL Y,Symmetry,Max Y,SNR,Height % (Norm),Baseline,Base Peak,k',Label,Cpd,Type,Plates,Plates/M,Resolution,Saturated,Tailing factor,Flags (Tgt),RI,
"D:\Projects\Marchand\Data\Carothers\230412_mod2\Hprot_180min.d" ,"1" ,2.549,2.560,2.565,600.98,333.44,100.00,100.00,100.00,0.017,1.279,0.00,0.00,0.055,2.560,2.560,10.984,0.00,0.00,0.00,600.98,,,  ,156.9900,,,,,,,,,,,,

"D:\Projects\Marchand\Data\Carothers\230412_mod2\Hprot_300min.d"," -ESI EIC(74.0242) Scan Frag=175.0V Hprot_300min.d "
"No integration results available"
"D:\Projects\Marchand\Data\Carothers\230412_mod2\Hprot_90min.d"," -ESI EIC(74.0242) Scan Frag=175.0V Hprot_90min.d "
"D:\Projects\Marchand\Data\Carothers\230412_mod2\Hprot_90min.d" ,"Peak" ,Start,RT,End,Height,Area,Area %,Height %,Area Sum %,Width,FWHM,Start Y,End Y,B1 Start,B1 End,B2 Start,B2 End,Start BL Y,End BL Y,Symmetry,Max Y,SNR,Height % (Norm),Baseline,Base Peak,k',Label,Cpd,Type,Plates,Plates/M,Resolution,Saturated,Tailing factor,Flags (Tgt),RI,
"D:\Projects\Marchand\Data\Carothers\230412_mod2\Hprot_90min.d" ,"1" ,2.858,2.896,2.951,17032.22,41474.01,100.00,100.00,100.00,0.093,0.039,136.25,136.25,0.059,2.858,2.957,4.237,136.25,136.25,1.07,17168.47,,,  ,248.9749,,,,,,,,,,,,

"D:\Projects\Marchand\Data\Carothers\230412_mod2\Hprot_DTT_180min.d"," -ESI EIC(74.0242) Scan Frag=175.0V Hprot_DTT_180min.d "
"D:\Projects\Marchand\Data\Carothers\230412_mod2\Hprot_DTT_180min.d" ,"Peak" ,Start,RT,End,Height,Area,Area %,Height %,Area Sum %,Width,FWHM,Start Y,End Y,B1 Start,B1 End,B2 Start,B2 End,Start BL Y,End BL Y,Symmetry,Max Y,SNR,Height % (Norm),Baseline,Base Peak,k',Label,Cpd,Type,Plates,Plates/M,Resolution,Saturated,Tailing factor,Flags (Tgt),RI,
"D:\Projects\Marchand\Data\Carothers\230412_mod2\Hprot_DTT_180min.d" ,"1" ,3.138,3.144,3.155,335.32,194.13,100.00,100.00,100.00,0.017,2.491,0.00,0.00,0.051,3.138,3.149,10.986,0.00,0.00,0.00,335.32,,,  ,237.0926,,,,,,,,,,,,

"D:\Projects\Marchand\Data\Carothers\230412_mod2\Hprot_DTT_300min.d"," -ESI EIC(74.0242) Scan Frag=175.0V Hprot_DTT_300min.d "
"D:\Projects\Marchand\Data\Carothers\230412_mod2\Hprot_DTT_300min.d" ,"Peak" ,Start,RT,End,Height,Area,Area %,Height %,Area Sum %,Width,FWHM,Start Y,End Y,B1 Start,B1 End,B2 Start,B2 End,Start BL Y,End BL Y,Symmetry,Max Y,SNR,Height % (Norm),Baseline,Base Peak,k',Label,Cpd,Type,Plates,Plates/M,Resolution,Saturated,Tailing factor,Flags (Tgt),RI,
"D:\Projects\Marchand\Data\Carothers\230412_mod2\Hprot_DTT_300min.d" ,"1" ,4.279,4.290,4.296,647.86,362.82,100.00,100.00,100.00,0.017,3.684,0.00,0.00,0.068,4.290,4.290,10.986,0.00,0.00,0.00,647.86,,,  ,248.9749,,,,,,,,,,,,

"D:\Projects\Marchand\Data\Carothers\230412_mod2\Hprot_DTT_90min.d"," -ESI EIC(74.0242) Scan Frag=175.0V Hprot_DTT_90min.d "
"D:\Projects\Marchand\Data\Carothers\230412_mod2\Hprot_DTT_90min.d" ,"Peak" ,Start,RT,End,Height,Area,Area %,Height %,Area Sum %,Width,FWHM,Start Y,End Y,B1 Start,B1 End,B2 Start,B2 End,Start BL Y,End BL Y,Symmetry,Max Y,SNR,Height % (Norm),Baseline,Base Peak,k',Label,Cpd,Type,Plates,Plates/M,Resolution,Saturated,Tailing factor,Flags (Tgt),RI,
"D:\Projects\Marchand\Data\Carothers\230412_mod2\Hprot_DTT_90min.d" ,"1" ,2.927,2.933,2.944,2928.85,1495.45,100.00,100.00,100.00,0.017,0.009,0.00,0.00,0.057,2.927,2.944,4.240,0.00,0.00,2.02,2928.85,,,  ,237.0926,,,,,,,,,,,,

"D:\Projects\Marchand\Data\Carothers\230412_mod2\Hprot_mod1_180min.d"," -ESI EIC(74.0242) Scan Frag=175.0V Hprot_mod1_180min.d "
"D:\Projects\Marchand\Data\Carothers\230412_mod2\Hprot_mod1_180min.d" ,"Peak" ,Start,RT,End,Height,Area,Area %,Height %,Area Sum %,Width,FWHM,Start Y,End Y,B1 Start,B1 End,B2 Start,B2 End,Start BL Y,End BL Y,Symmetry,Max Y,SNR,Height % (Norm),Baseline,Base Peak,k',Label,Cpd,Type,Plates,Plates/M,Resolution,Saturated,Tailing factor,Flags (Tgt),RI,
"D:\Projects\Marchand\Data\Carothers\230412_mod2\Hprot_mod1_180min.d" ,"1" ,2.925,2.931,2.942,1328.71,806.25,100.00,100.00,100.00,0.017,0.353,0.00,0.00,2.587,2.925,2.942,10.984,0.00,0.00,0.03,1328.71,,,  ,237.0926,,,,,,,,,,,,

"D:\Projects\Marchand\Data\Carothers\230412_mod2\Hprot_mod1_300min.d"," -ESI EIC(74.0242) Scan Frag=175.0V Hprot_mod1_300min.d "
"D:\Projects\Marchand\Data\Carothers\230412_mod2\Hprot_mod1_300min.d" ,"Peak" ,Start,RT,End,Height,Area,Area %,Height %,Area Sum %,Width,FWHM,Start Y,End Y,B1 Start,B1 End,B2 Start,B2 End,Start BL Y,End BL Y,Symmetry,Max Y,SNR,Height % (Norm),Baseline,Base Peak,k',Label,Cpd,Type,Plates,Plates/M,Resolution,Saturated,Tailing factor,Flags (Tgt),RI,
"D:\Projects\Marchand\Data\Carothers\230412_mod2\Hprot_mod1_300min.d" ,"1" ,4.257,4.268,4.274,1670.63,911.51,100.00,100.00,100.00,0.017,1.341,0.00,0.00,0.052,4.257,4.274,10.986,0.00,0.00,0.00,1670.63,,,  ,146.0429,,,,,,,,,,,,

"D:\Projects\Marchand\Data\Carothers\230412_mod2\Hprot_mod1_90min.d"," -ESI EIC(74.0242) Scan Frag=175.0V Hprot_mod1_90min.d "
"D:\Projects\Marchand\Data\Carothers\230412_mod2\Hprot_mod1_90min.d" ,"Peak" ,Start,RT,End,Height,Area,Area %,Height %,Area Sum %,Width,FWHM,Start Y,End Y,B1 Start,B1 End,B2 Start,B2 End,Start BL Y,End BL Y,Symmetry,Max Y,SNR,Height % (Norm),Baseline,Base Peak,k',Label,Cpd,Type,Plates,Plates/M,Resolution,Saturated,Tailing factor,Flags (Tgt),RI,
"D:\Projects\Marchand\Data\Carothers\230412_mod2\Hprot_mod1_90min.d" ,"1" ,2.867,2.895,2.906,2486.24,3693.44,100.00,100.00,100.00,0.039,0.028,0.00,0.00,0.057,2.867,2.933,10.970,0.00,0.00,0.40,2486.24,,,  ,248.9749,,,,,,,,,,,,

"D:\Projects\Marchand\Data\Carothers\230412_mod2\Hprot_mod1_DTT_180min.d"," -ESI EIC(74.0242) Scan Frag=175.0V Hprot_mod1_DTT_180min.d "
"D:\Projects\Marchand\Data\Carothers\230412_mod2\Hprot_mod1_DTT_180min.d" ,"Peak" ,Start,RT,End,Height,Area,Area %,Height %,Area Sum %,Width,FWHM,Start Y,End Y,B1 Start,B1 End,B2 Start,B2 End,Start BL Y,End BL Y,Symmetry,Max Y,SNR,Height % (Norm),Baseline,Base Peak,k',Label,Cpd,Type,Plates,Plates/M,Resolution,Saturated,Tailing factor,Flags (Tgt),RI,
"D:\Projects\Marchand\Data\Carothers\230412_mod2\Hprot_mod1_DTT_180min.d" ,"1" ,4.248,4.259,4.264,1348.70,653.48,100.00,100.00,100.00,0.017,3.671,0.00,0.00,0.053,4.259,4.259,10.982,0.00,0.00,0.00,1348.70,,,  ,146.0429,,,,,,,,,,,,

"D:\Projects\Marchand\Data\Carothers\230412_mod2\Hprot_mod1_DTT_300min.d"," -ESI EIC(74.0242) Scan Frag=175.0V Hprot_mod1_DTT_300min.d "
"No integration results available"
"D:\Projects\Marchand\Data\Carothers\230412_mod2\Hprot_mod1_DTT_90min.d"," -ESI EIC(74.0242) Scan Frag=175.0V Hprot_mod1_DTT_90min.d "
"D:\Projects\Marchand\Data\Carothers\230412_mod2\Hprot_mod1_DTT_90min.d" ,"Peak" ,Start,RT,End,Height,Area,Area %,Height %,Area Sum %,Width,FWHM,Start Y,End Y,B1 Start,B1 End,B2 Start,B2 End,Start BL Y,End BL Y,Symmetry,Max Y,SNR,Height % (Norm),Baseline,Base Peak,k',Label,Cpd,Type,Plates,Plates/M,Resolution,Saturated,Tailing factor,Flags (Tgt),RI,
"D:\Projects\Marchand\Data\Carothers\230412_mod2\Hprot_mod1_DTT_90min.d" ,"1" ,2.877,2.888,2.932,11089.63,18691.61,100.00,100.00,100.00,0.055,0.033,208.20,208.20,0.056,2.860,2.949,4.234,208.20,208.20,4.06,11297.83,,,  ,980.0186,,,,,,,,,,,,

